date,price,tether
5/31/2018,7487.188804,2514662236
6/1/2018,7518.755952,2509647955
6/2/2018,7636.531146,2514662236
6/3/2018,7711.661796,2507140814
6/4/2018,7491.309495,2529705081
6/5/2018,7617.11123,2514662236
6/6/2018,7655.608403,2509647955
6/7/2018,7687.982644,2507140814
6/8/2018,7618.422652,2514662236
6/9/2018,7499.462673,2514662236
6/10/2018,6766.865142,2517169377
6/11/2018,6880.301527,2507140814
6/12/2018,6551.228724,2502126532
6/13/2018,6300.120133,2504633673
6/14/2018,6640.503952,2502126065
6/15/2018,6392.184467,2633211749
6/16/2018,6487.577842,2601926065
6/17/2018,6443.426765,2601926065
6/18/2018,6708.818116,2601926065
6/19/2018,6743.400503,2612354627
6/20/2018,6758.184614,2601926065
6/21/2018,6718.991993,2607140346
6/22/2018,6056.40278,2612354627
6/23/2018,6169.524347,2609747486
6/24/2018,6150.65312,2612354627
6/25/2018,6247.209837,2707140346
6/26/2018,6077.318092,2715261767
6/27/2018,6133.642965,2709847486
6/28/2018,5851.163155,2701726065
6/29/2018,6204.92596,2699018925
6/30/2018,6388.862568,2690897504
7/1/2018,6347.873581,2693604644
7/2/2018,6615.597209,2707140346
7/3/2018,6502.207638,2709847486
7/4/2018,6586.435816,2696311785
7/5/2018,6530.320316,2696311785
7/6/2018,6600.451234,2596711785
7/7/2018,6756.766255,2601926065
7/8/2018,6703.260095,2601926065
7/9/2018,6660.685681,2599318925
7/10/2018,6301.49982,2588890364
7/11/2018,6380.377222,2607140346
7/12/2018,6245.449247,2707140346
7/13/2018,6219.486246,2707140346
7/14/2018,6250.91482,2707140346
7/15/2018,6349.25957,2701726065
7/16/2018,6727.151887,2707140346
7/17/2018,7315.320114,2707140346
7/18/2018,7374.590936,2688190364
7/19/2018,7469.822036,2707140346
7/20/2018,7330.810604,2633226083
7/21/2018,7403.634499,2657140346
7/22/2018,7396.638101,2665111767
7/23/2018,7717.674593,2612354627
7/24/2018,8398.503264,2499618925
7/25/2018,8166.615503,2492097504
7/26/2018,7928.982375,2494604644
7/27/2018,8183.992617,2487083223
7/28/2018,8238.639403,2507140346
7/29/2018,8215.533177,2497111785
7/30/2018,8168.310247,2502126065
7/31/2018,7725.016933,2454753925
8/1/2018,7602.941559,2392346065
8/2/2018,7535.319281,2402637504
8/3/2018,7415.912487,2429828925
8/4/2018,7008.901908,2439577486
8/5/2018,7028.155983,2437140346
8/6/2018,6937.938539,2439577486
8/7/2018,6718.282375,2429828925
8/8/2018,6280.234951,2404733206
8/9/2018,6536.843653,2414361767
8/10/2018,6145.239832,2423990328
8/11/2018,6233.603032,2414361767
8/12/2018,6315.546617,2445654592
8/13/2018,6256.029726,2411954627
8/14/2018,6192.900623,2414361767
8/15/2018,6272.412273,2414361767
8/16/2018,6317.952921,2409547486
8/17/2018,6585.158664,2699438196
8/18/2018,6397.320525,2738473178
8/19/2018,6486.930635,2733028897
8/20/2018,6258.180993,2733028897
8/21/2018,6477.203814,2824962476
8/22/2018,6353.695369,2822140336
8/23/2018,6525.493373,2789348196
8/24/2018,6694.536721,2783763915
8/25/2018,6733.524015,2789348196
8/26/2018,6707.542168,2778179634
8/27/2018,6904.894274,2809328196
8/28/2018,7077.059368,2809328196
8/29/2018,7035.395846,2776576055
8/30/2018,6982.019998,2773793915
8/31/2018,7014.256042,2731171775
9/1/2018,7190.18621,2739398196
9/2/2018,7292.74686,2830771775
9/3/2018,7260.69543,2793733915
9/4/2018,7357.521507,2758838915
9/5/2018,6693.42131,2748152471
9/6/2018,6501.934833,2753665314
9/7/2018,6397.759241,2748152471
9/8/2018,6187.443523,2750908893
9/9/2018,6239.3479,2761934579
9/10/2018,6305.607572,2748152471
9/11/2018,6282.576117,2748152471
9/12/2018,6327.672275,2753665314
9/13/2018,6486.608659,2750908893
9/14/2018,6481.660093,2750908893
9/15/2018,6519.921126,2745396049
9/16/2018,6497.884338,2750908893
9/17/2018,6252.299781,2748152471
9/18/2018,6335.40817,2742639627
9/19/2018,6389.004377,2742639627
9/20/2018,6493.925722,2753665314
9/21/2018,6753.912946,2803615314
9/22/2018,6714.127887,2800808893
9/23/2018,6701.868287,2800808893
9/24/2018,6581.187461,2795196049
9/25/2018,6435.403725,2803615314
9/26/2018,6458.320188,2800808893
9/27/2018,6683.479543,2803615314
9/28/2018,6624.055037,2803615314
9/29/2018,6586.644667,2809228158
9/30/2018,6605.738369,2789583206
10/1/2018,6579.624556,2767131832
10/2/2018,6507.265158,2783970362
10/3/2018,6471.29328,2778357519
10/4/2018,6559.315522,2783970362
10/5/2018,6606.550043,2783970362
10/6/2018,6563.193111,2783970362
10/7/2018,6580.276073,2789583206
10/8/2018,6623.287655,2789583206
10/9/2018,6609.780016,2665825410
10/10/2018,6551.668525,2671238253
10/11/2018,6178.739018,2654999723
10/12/2018,6219.702109,2654999723
10/13/2018,6234.847441,2641467614
10/14/2018,6223.764969,2426216240
10/15/2018,6521.546081,2381100649
10/16/2018,6538.184965,2141344227
10/17/2018,6518.603866,2109339180
10/18/2018,6444.209991,2047744132
10/19/2018,6425.997411,2012052662
10/20/2018,6456.878081,2018281927
10/21/2018,6454.269519,2020358349
10/22/2018,6444.710532,2026587614
10/23/2018,6429.487445,1975761193
10/24/2018,6443.762252,1979814036
10/25/2018,6421.666375,1884040458
10/26/2018,6432.477943,1885966880
10/27/2018,6431.349725,1901378253
10/28/2018,6433.1778,1899451832
10/29/2018,6285.905843,1899451832
10/30/2018,6287.904317,1811810362
10/31/2018,6320.678664,1762210362
11/1/2018,6357.34416,1755104675
11/2/2018,6367.785706,1762210362
11/3/2018,6347.855205,1767539627
11/4/2018,6443.725711,1760433940
11/5/2018,6416.695236,1751551832
11/6/2018,6460.613808,1762210362
11/7/2018,6516.461903,1756881097
11/8/2018,6423.499547,1760433940
11/9/2018,6353.994682,1755104675
11/10/2018,6367.952569,1753328253
11/11/2018,6382.878393,1680825410
11/12/2018,6354.706608,1672293301
11/13/2018,6306.636953,1650109819
11/14/2018,5681.190248,1615981384
11/15/2018,5613.84149,1656935506
11/16/2018,5543.945964,1665467614
11/17/2018,5532.887196,1714267614
11/18/2018,5581.222808,1724806145
11/19/2018,4764.345957,1693190554
11/20/2018,4402.28585,1714294227
11/21/2018,4568.795563,1759454770
11/22/2018,4285.101856,1764874036
11/23/2018,4316.002909,1754035505
11/24/2018,3816.173537,1735971288
11/25/2018,3973.571533,1787734131
11/26/2018,3758.356106,1795159818
11/27/2018,3799.62631,1806298349
11/28/2018,4241.945219,1834144675
11/29/2018,4262.41768,1828575410
11/30/2018,3990.96672,1830431831
12/1/2018,4168.239441,1836001097
12/2/2018,4120.269881,1828575410
12/3/2018,3852.062162,1832288253
12/4/2018,3923.798779,1834144675
12/5/2018,3711.256922,1817436879
12/6/2018,3458.445149,1817436879
12/7/2018,3399.608085,1837857518
12/8/2018,3424.474152,1848996049
12/9/2018,3560.149614,1843426783
12/10/2018,3438.018269,1843426783
12/11/2018,3369.201905,1839713940
12/12/2018,3456.529711,1848996049
12/13/2018,3283.377363,1836001097
12/14/2018,3213.916212,1837857518
12/15/2018,3207.530118,1837857518
12/16/2018,3222.686038,1836001097
12/17/2018,3529.396719,1854565314
12/18/2018,3692.675962,1863847423
12/19/2018,3712.290921,1858278157
12/20/2018,4116.854453,1863847423
12/21/2018,3871.432356,1856421736
12/22/2018,4018.051978,1874985953
12/23/2018,3979.449005,1865703844
12/24/2018,4063.00972,1863847423
12/25/2018,3813.321849,1874985953
12/26/2018,3838.194644,1873129531
12/27/2018,3619.620652,1867560266
12/28/2018,3923.21318,1882320950
12/29/2018,3760.111109,1873030126
12/30/2018,3867.842206,1873030126
12/31/2018,3725.543739,1856835561
1/1/2019,3855.867492,1869846421
1/2/2019,3926.447709,1876740115
1/3/2019,3817.768088,1873283783
1/4/2019,3850.789768,1881274332
1/5/2019,3825.687012,1881274332
1/6/2019,4075.434776,1892472394
1/7/2019,4032.101151,1888632732
1/8/2019,4015.853784,1902008540
1/9/2019,4020.119693,1907354108
1/10/2019,3647.420604,1925867776
1/11/2019,3652.235615,1945718467
1/12/2019,3637.015265,1947646831
1/13/2019,3533.251819,1943790104
1/14/2019,3682.083335,1974865013
1/15/2019,3598.008121,2005648186
1/16/2019,3619.684237,2005455445
1/17/2019,3656.713976,2016869700
1/18/2019,3621.613806,2019183423
1/19/2019,3701.285401,2024216725
1/20/2019,3548.717779,2018168269
1/21/2019,3545.617579,2018663513
1/22/2019,3591.95171,2019163513
1/23/2019,3569.112358,2015129220
1/24/2019,3588.042092,2017251167
1/25/2019,3575.189541,2017251167
1/26/2019,3574.932925,2013216664
1/27/2019,3549.758076,2009182162
1/28/2019,3446.463496,2012767762
1/29/2019,3412.162532,2012767762
1/30/2019,3456.587289,2004689069
1/31/2019,3429.230657,2008730781
2/1/2019,3456.383067,2002668213
2/2/2019,3489.547237,1996605646
2/3/2019,3439.010008,1994584790
2/4/2019,3429.425687,1990543078
2/5/2019,3444.620772,1998626501
2/6/2019,3384.129746,1998871180
2/7/2019,3374.521536,1998871180
2/8/2019,3642.998492,2001188689
2/9/2019,3644.809954,2001188689
2/10/2019,3672.479644,2007252898
2/11/2019,3608.728851,2001244426
2/12/2019,3607.587648,1997201508
2/13/2019,3595.516463,1999222967
2/14/2019,3581.493757,2001244426
2/15/2019,3586.961408,2001244426
2/16/2019,3601.396882,2003265885
2/17/2019,3653.885542,1999222967
2/18/2019,3895.525551,1993158590
2/19/2019,3914.891466,2011351721
2/20/2019,3966.145579,2007308803
2/21/2019,3924.333585,1999222967
2/22/2019,3970.268331,2005287344
2/23/2019,4135.433916,2013373180
2/24/2019,3757.91707,2011351721
2/25/2019,3842.730986,2015394640
2/26/2019,3815.764032,2011351721
2/27/2019,3818.301173,2013373180
2/28/2019,3813.666017,2019437558
3/1/2019,3830.640127,2021459017
3/2/2019,3831.57855,2017387443
3/3/2019,3808.464086,2010521870
3/4/2019,3720.409774,2014567185
3/5/2019,3865.75778,2014567185
3/6/2019,3869.496487,1984287870
3/7/2019,3875.381214,1984287870
3/8/2019,3862.119655,1984287870
3/9/2019,3937.064954,1980299352
3/10/2019,3921.152857,1988276388
3/11/2019,3869.300647,1984378923
3/12/2019,3878.494582,1988371638
3/13/2019,3868.462365,1990367995
3/14/2019,3871.78756,1987787774
3/15/2019,3921.016554,1985787987
3/16/2019,4010.615087,1997681224
3/17/2019,3988.903902,1995679539
3/18/2019,3987.298752,1993677854
3/19/2019,4017.108112,2005153900
3/20/2019,4049.987747,2003142713
3/21/2019,3988.828527,2005153900
3/22/2019,3998.592083,2003142713
3/23/2019,3999.469177,2010604850
3/24/2019,3985.721498,2018687684
3/25/2019,3920.644758,2008584142
3/26/2019,3934.656849,2012625559
3/27/2019,4039.945048,2022059069
3/28/2019,4026.930487,2020030926
3/29/2019,4108.1387,2022412650
3/30/2019,4106.956522,2026823937
3/31/2019,4108.788168,2024795084
4/1/2019,4147.531199,2034544280
4/2/2019,4906.514853,2068490462
4/3/2019,4976.007494,2074425109
4/4/2019,4911.506498,2079085856
4/5/2019,5046.951509,2083558303
4/6/2019,5051.861927,2081403648
4/7/2019,5202.100844,2095006306
4/8/2019,5293.39916,2163042453
4/9/2019,5197.657888,2212697580
4/10/2019,5319.366759,2267420826
4/11/2019,5048.641308,2312974429
4/12/2019,5087.089193,2418117282
4/13/2019,5076.744849,2430565715
4/14/2019,5168.121791,2430722804
4/15/2019,5037.091275,2458100406
4/16/2019,5209.477154,2487891042
4/17/2019,5236.603637,2550837562
4/18/2019,5287.375957,2569395459
4/19/2019,5294.349769,2577602243
4/20/2019,5324.650573,2582736908
4/21/2019,5303.668805,2604486942
4/22/2019,5393.919999,2624847353
4/23/2019,5537.061236,2690049277
4/24/2019,5451.337738,2844750543
4/25/2019,5153.185533,2811883141
4/26/2019,5217.246675,2767120014
4/27/2019,5221.144528,2778507340
4/28/2019,5225.171643,2764273086
4/29/2019,5218.564475,2783689644
4/30/2019,5331.674652,2808848958
5/1/2019,5379.607071,2760608719
5/2/2019,5457.627608,2721205767
5/3/2019,5726.635645,2733063782
5/4/2019,5828.384356,2755306417
5/5/2019,5773.577786,2755306417
5/6/2019,5744.271786,2751578171
5/7/2019,5800.140255,2732169770
5/8/2019,5982.250013,2754382533
5/9/2019,6165.420386,2762712318
5/10/2019,6349.41327,2763156574
5/11/2019,7208.122921,2780871889
5/12/2019,6975.698812,2783649983
5/13/2019,7808.272728,2800275595
5/14/2019,7988.239613,2795653908
5/15/2019,8199.379639,2837991173
5/16/2019,7879.755311,2837081400
5/17/2019,7363.75002,2833819563
5/18/2019,7268.402468,2838730567
5/19/2019,8194.586353,2846761594
5/20/2019,8006.698932,2877179782
5/21/2019,7955.456611,2929678352
5/22/2019,7625.423471,2932148773
5/23/2019,7879.680225,2974494779
5/24/2019,8002.161503,3040660788
5/25/2019,8072.149376,3078922365
5/26/2019,8745.007947,3099295631
5/27/2019,8778.324885,3091648338
5/28/2019,8719.181106,3129069557
5/29/2019,8662.55032,3121810596
5/30/2019,8278.596378,3119463974
5/31/2019,8563.81773,3136808968
6/1/2019,8563.695671,3132306575
6/2/2019,8739.728671,3138257362
6/3/2019,8113.303764,3129845985
6/4/2019,7676.259381,3156792632
6/5/2019,7789.784567,3199628861
6/6/2019,7802.214091,3238758301
6/7/2019,8000.593036,3245444029
6/8/2019,7934.887014,3253476584
6/9/2019,7645.45522,3244148455
6/10/2019,8022.100575,3291720602
6/11/2019,7918.028966,3320744307
6/12/2019,8175.485948,3370364365
6/13/2019,8238.658665,3429338420
6/14/2019,8700.802529,3452723006
6/15/2019,8858.555216,3453417198
6/16/2019,8979.736976,3480818760
6/17/2019,9333.18734,3536817152
6/18/2019,9081.898183,3532785162
6/19/2019,9279.330249,3541241440
6/20/2019,9533.029962,3553381638
6/21/2019,10227.69101,3577742156
6/22/2019,10668.42611,3511130520
6/23/2019,10825.64742,3514627522
6/24/2019,11025.53271,3569269583
6/25/2019,11760.87674,3524447289
6/26/2019,12897.30716,3514135797
6/27/2019,11143.21986,3513672919
6/28/2019,12365.81556,3576788071
6/29/2019,11871.5461,3578776071
6/30/2019,10748.15062,3567938932
7/1/2019,10574.2535,3589776406
7/2/2019,10829.12309,3608634114
7/3/2019,11980.67215,3647581662
7/4/2019,11154.32091,3656729546
7/5/2019,10988.52988,3688065732
7/6/2019,11237.17166,3694568461
7/7/2019,11475.35243,3720510299
7/8/2019,12310.07514,3772035587
7/9/2019,12571.37463,3842507141
7/10/2019,12100.24244,3841530949
7/11/2019,11350.36126,3870546811
7/12/2019,11802.59684,3898660503
7/13/2019,11384.49399,3911710739
7/14/2019,10197.88569,3919217433
7/15/2019,10851.00304,3944335496
7/16/2019,9419.806126,3952620007
7/17/2019,9709.478256,3975329159
7/18/2019,10647.83487,3988253759
7/19/2019,10538.53559,4023328009
7/20/2019,10761.18738,4022765385
7/21/2019,10591.29947,4025379042
7/22/2019,10327.95039,4022963847
7/23/2019,9848.972543,4020471519
7/24/2019,9772.682654,4023792515
7/25/2019,9883.300757,4020582194
7/26/2019,9848.881511,4024607660
7/27/2019,9471.774332,4023536850
7/28/2019,9532.873484,4023536850
7/29/2019,9501.536914,4016689991
7/30/2019,9591.336306,4026436807
7/31/2019,10084.67584,4034514095
8/1/2019,10405.61904,4027065142
8/2/2019,10533.13728,4022474976
8/3/2019,10817.9033,4030487634
8/4/2019,10977.3958,4038500291
8/5/2019,11801.63803,4039649779
8/6/2019,11464.33676,4035852280
8/7/2019,11966.97841,4039892173
8/8/2019,11993.74618,4038071165
8/9/2019,11870.50118,4033316702
8/10/2019,11298.44872,4027291999
8/11/2019,11568.8529,4033316702
8/12/2019,11384.47732,4032608947
8/13/2019,10858.364,4026544813
8/14/2019,10019.63869,4034348929
8/15/2019,10301.60815,4038472336
8/16/2019,10358.69343,4043971626
8/17/2019,10213.37923,4039564094
8/18/2019,10321.53365,4043607702
8/19/2019,10918.78611,4043607702
8/20/2019,10756.95767,4042596800
8/21/2019,10129.56713,4039823035
8/22/2019,10109.67303,4042896405
8/23/2019,10419.92108,4049066881
8/24/2019,10156.8219,4049107372
8/25/2019,10142.8087,4049107372
8/26/2019,10362.48276,4047993161
8/27/2019,10173.17005,4051389926
8/28/2019,9723.440131,3989742392
8/29/2019,9487.342174,4001679333
8/30/2019,9584.367421,4007307426
8/31/2019,9608.425602,4006867760
9/1/2019,9768.581483,4006827682
9/2/2019,10388.39959,4006589594
9/3/2019,10627.30718,4025760607
9/4/2019,10583.89919,4027733229
9/5/2019,10578.71442,4039431996
9/6/2019,10331.27594,4052987532
9/7/2019,10499.95668,4062511672
9/8/2019,10408.49664,4072699909
9/9/2019,10317.4228,4077538712
9/10/2019,10100.59576,4090442074
9/11/2019,10162.26747,4088111804
9/12/2019,10424.68319,4092253652
9/13/2019,10371.40495,4095117943
9/14/2019,10370.58208,4112107637
9/15/2019,10311.60982,4111035869
9/16/2019,10265.2924,4108044456
9/17/2019,10192.28165,4110221720
9/18/2019,10159.19783,4109728754
9/19/2019,10276.87957,4108044456
9/20/2019,10170.33077,4105579629
9/21/2019,9980.444262,4105743951
9/22/2019,10030.61275,4107880134
9/23/2019,9691.626473,4106401238
9/24/2019,8532.3875,4124024749
9/25/2019,8437.025899,4111002248
9/26/2019,8061.030087,4108044456
9/27/2019,8196.623798,4116835671
9/28/2019,8221.752889,4113302753
9/29/2019,8055.047347,4107140686
9/30/2019,8306.361385,4114206523
10/1/2019,8323.571,4120779394
10/2/2019,8383.871143,4120286429
10/3/2019,8241.392151,4113015190
10/4/2019,8158.373849,4111741696
10/5/2019,8148.545201,4108044456
10/6/2019,7863.728512,4108044456
10/7/2019,8209.470273,4112152501
10/8/2019,8187.610083,4107592571
10/9/2019,8590.288398,4112193581
10/10/2019,8588.535216,4112152501
10/11/2019,8269.852528,4112152501
10/12/2019,8309.397522,4118519969
10/13/2019,8284.536655,4118068085
10/14/2019,8355.19108,4108126617
10/15/2019,8162.147567,4115808660
10/16/2019,7998.997458,4110303881
10/17/2019,8076.608717,4112193581
10/18/2019,7956.829423,4116178384
10/19/2019,7961.788243,4116465947
10/20/2019,8234.288247,4118602130
10/21/2019,8219.545022,4116260545
10/22/2019,8026.460961,4108003376
10/23/2019,7474.996839,4116260545
10/24/2019,7432.10399,4118519969
10/25/2019,8666.324972,4108126617
10/26/2019,9255.325785,4122381531
10/27/2019,9548.406813,4117082154
10/28/2019,9215.604626,4113343833
10/29/2019,9432.399178,4115726499
10/30/2019,9166.641501,4112152501
10/31/2019,9153.449946,4110755765
11/1/2019,9255.150683,4106770962
11/2/2019,9306.166864,4108044456
11/3/2019,9207.402809,4108003376
11/4/2019,9415.329115,4108044456
11/5/2019,9316.302104,4103936412
11/6/2019,9343.211981,4104799101
11/7/2019,9202.023005,4102293194
11/8/2019,8766.54272,4102375355
11/9/2019,8809.653154,4104593699
11/10/2019,9035.842571,4106770962
11/11/2019,8720.208357,4102416435
11/12/2019,8807.334112,4099828367
11/13/2019,8762.718192,4108003376
11/14/2019,8632.317631,4102087792
11/15/2019,8461.778034,4105620710
11/16/2019,8484.648728,4097815425
11/17/2019,8503.31011,4103936412
11/18/2019,8175.589026,4101923470
11/19/2019,8123.536046,4101923470
11/20/2019,8083.946739,4092844692
11/21/2019,7618.604873,4103895331
11/22/2019,7287.502403,4116260545
11/23/2019,7326.861609,4108044456
11/24/2019,6914.950509,4111248731
11/25/2019,7127.849409,4111618455
11/26/2019,7164.984145,4111782777
11/27/2019,7527.782549,4108044456
11/28/2019,7434.144688,4109317950
11/29/2019,7759.116675,4108044456
11/30/2019,7557.86296,4110755765
12/1/2019,7407.563683,4119012935
12/2/2019,7308.43764,4116219465
12/3/2019,7300.178685,4120368589
12/4/2019,7195.28828,4101882389
12/5/2019,7394.529123,4120368589
12/6/2019,7547.739344,4116260545
12/7/2019,7503.30201,4120368589
12/8/2019,7522.763865,4110755765
12/9/2019,7338.875381,4105127745
12/10/2019,7222.016395,4112152501
12/11/2019,7204.080985,4092680370
12/12/2019,7189.391682,4103977492
12/13/2019,7253.090309,4103936412
12/14/2019,7065.918819,4112563305
12/15/2019,7112.190266,4108044456
12/16/2019,6879.444774,4096583012
12/17/2019,6613.908648,4103936412
12/18/2019,7286.785584,4116137304
12/19/2019,7150.632897,4108044456
12/20/2019,7192.9602,4108044456
12/21/2019,7144.473009,4103936412
12/22/2019,7513.955824,4108290939
12/23/2019,7318.714458,4113179512
12/24/2019,7256.663023,4104141814
12/25/2019,7191.944284,4096459771
12/26/2019,7195.410676,4100115930
12/27/2019,7245.331547,4106894204
12/28/2019,7302.032637,4103320205
12/29/2019,7387.359189,4095966805
12/30/2019,7218.72037,4099869448
12/31/2019,7171.074995,4087545314
1/1/2020,7176.374137,4097774345
1/2/2020,6945.793938,4091817680
1/3/2020,7330.785361,4099417563
1/4/2020,7349.682545,4100937539
1/5/2020,7353.236759,4100567815
1/6/2020,7763.221304,4625593626
1/7/2020,8162.705082,4616342439
1/8/2020,8045.252611,4601840633
1/9/2020,7816.444266,4609679440
1/10/2020,8192.252782,4633371938
1/11/2020,8022.095619,4619725052
1/12/2020,8175.899118,4626419058
1/13/2020,8107.890505,4626265088
1/14/2020,8829.108051,4631308171
1/15/2020,8815.061173,4633024246
1/16/2020,8719.506087,4627754190
1/17/2020,8898.188272,4633040402
1/18/2020,8908.933696,4646481998
1/19/2020,8702.652507,4627979540
1/20/2020,8631.634801,4637161211
1/21/2020,8723.71314,4637725047
1/22/2020,8660.945897,4631365003
1/23/2020,8389.268917,4627651109
1/24/2020,8426.62477,4633082679
1/25/2020,8329.51715,4637725047
1/26/2020,8594.545107,4635032473
1/27/2020,8893.78388,4636332336
1/28/2020,9389.297227,4643110193
1/29/2020,9283.619468,4637678623
1/30/2020,9503.304139,4625887010
1/31/2020,9333.535406,4645709919
2/1/2020,9379.927137,4641996025
2/2/2020,9325.98865,4633082679
2/3/2020,9286.294525,4633082679
2/4/2020,9165.496529,4624679994
2/5/2020,9611.91844,4637725047
2/6/2020,9757.516196,4635960947
2/7/2020,9810.727375,4632850561
2/8/2020,9907.492141,4647938255
2/9/2020,10167.88082,4646545545
2/10/2020,9852.956355,4644177937
2/11/2020,10271.12751,4661865357
2/12/2020,10354.3545,4642645956
2/13/2020,10241.93569,4644224361
2/14/2020,10370.4806,4648959576
2/15/2020,9909.160265,4646824087
2/16/2020,9933.989262,4644642174
2/17/2020,9703.996682,4639814112
2/18/2020,10185.27314,4654623264
2/19/2020,9604.380676,4646824087
2/20/2020,9610.501584,4647566866
2/21/2020,9698.613224,4650352286
2/22/2020,9673.072796,4649795202
2/23/2020,9978.452492,4657826497
2/24/2020,9666.110967,4639999807
2/25/2020,9307.112556,4638607096
2/26/2020,8785.296579,4638978486
2/27/2020,8812.389391,4637725047
2/28/2020,8707.845447,4651466454
2/29/2020,8531.473044,4643388735
3/1/2020,8530.636753,4637725047
3/2/2020,8919.654962,4642645956
3/3/2020,8758.99683,4644920716
3/4/2020,8763.433302,4647706137
3/5/2020,9071.151073,4647984679
3/6/2020,9158.462322,4655226772
3/7/2020,8903.822528,4648123950
3/8/2020,8040.870203,4646545545
3/9/2020,7929.215976,4643295887
3/10/2020,7888.822168,4642367414
3/11/2020,7937.838737,4646916934
3/12/2020,4876.595093,4702393225
3/13/2020,5638.958757,4689023207
3/14/2020,5183.581002,4633082679
3/15/2020,5355.752038,4630761495
3/16/2020,5034.767691,4656387364
3/17/2020,5346.703698,4661261849
3/18/2020,5417.103656,4656712329
3/19/2020,6195.389764,4659544173
3/20/2020,6222.43161,4640464043
3/21/2020,6212.560518,4645570648
3/22/2020,5832.375638,4644874292
3/23/2020,6501.379179,4664047270
3/24/2020,6771.767646,4658151463
3/25/2020,6697.257273,4650213015
3/26/2020,6764.065067,4659637021
3/27/2020,6386.665313,4647891831
3/28/2020,6262.125813,4652673470
3/29/2020,5879.910005,4639117757
3/30/2020,6403.842648,4653973333
3/31/2020,6426.954664,6181509425
4/1/2020,6656.463873,6182434339
4/2/2020,6799.716583,6166402494
4/3/2020,6742.117154,6175589975
4/4/2020,6875.754956,6179967902
4/5/2020,6779.874962,6172260284
4/6/2020,7347.687206,6372100706
4/7/2020,7203.478274,6361032509
4/8/2020,7369.715837,6366566607
4/9/2020,7297.879835,6369047410
4/10/2020,6876.616599,6371655433
4/11/2020,6891.547297,6373563743
4/12/2020,6908.336939,6373182081
4/13/2020,6862.202901,6380115607
4/14/2020,6879.131065,6369301851
4/15/2020,6626.33073,6371655433
4/16/2020,7112.717249,6370256006
4/17/2020,7036.347585,6370383227
4/18/2020,7261.014867,6371846264
4/19/2020,7131.371224,6368665748
4/20/2020,6844.309391,6374263457
4/21/2020,6856.938432,6376935090
4/22/2020,7131.544177,6370510447
4/23/2020,7478.180799,6367393542
4/24/2020,7511.295748,6368729358
4/25/2020,7552.892245,6364594687
4/26/2020,7704.307154,6368474917
4/27/2020,7793.074669,6379606724
4/28/2020,7766.22389,6373309302
4/29/2020,8785.300079,6365230790
4/30/2020,8636.032498,6369301851
5/1/2020,8850.690365,6370128785
5/2/2020,9005.068893,6369301851
5/3/2020,8909.367249,6367393542
5/4/2020,8888.296044,6377634804
5/5/2020,9033.749368,6371464602
5/6/2020,9157.57599,6366184945
5/7/2020,9997.71309,6376171766
5/8/2020,9840.179497,6372100706
5/9/2020,9574.422874,6364531077
5/10/2020,8745.135451,6362368326
5/11/2020,8580.843946,6374199846
5/12/2020,8825.932189,6367393542
5/13/2020,9319.390098,6373500133
5/14/2020,9788.362597,8807483314
5/15/2020,9311.071292,8794638132
5/16/2020,9389.652195,8802204472
5/17/2020,9667.691728,8798069379
5/18/2020,9726.16444,8797981399
5/19/2020,9780.638815,8801588607
5/20/2020,9515.396074,8797981399
5/21/2020,9060.037859,8787511696
5/22/2020,9169.725448,8798069379
5/23/2020,9180.590624,8798949186
5/24/2020,8724.294949,8790239098
5/25/2020,8899.815404,8791558808
5/26/2020,8845.921044,8798069379
5/27/2020,9206.642084,8801764569
5/28/2020,9572.484913,8804667932
5/29/2020,9427.876209,8798597264
5/30/2020,9691.687507,8801588607
5/31/2020,9451.562286,8789271310
6/1/2020,10177.60072,8806867449
6/2/2020,9529.468658,9193136938
6/3/2020,9665.026008,9192034379
6/4/2020,9797.930295,9186980984
6/5/2020,9627.264133,9187991663
6/6/2020,9674.183179,9188910462
6/7/2020,9754.679863,9198098453
6/8/2020,9780.848459,9194790776
6/9/2020,9779.030334,9200395451
6/10/2020,9894.048213,9196168975
6/11/2020,9275.260717,9178803671
6/12/2020,9465.744419,9184867745
6/13/2020,9472.092809,9185970304
6/14/2020,9330.776377,9181284429
6/15/2020,9428.711711,9196168975
6/16/2020,9526.981126,9189829261
6/17/2020,9459.444331,9185510905
6/18/2020,9380.503133,9185051505
6/19/2020,9303.937628,9175128474
6/20/2020,9355.814259,9182295108
6/21/2020,9287.172917,9180365630
6/22/2020,9688.040742,9202141170
6/23/2020,9623.994704,9188175422
6/24/2020,9288.258098,9176966073
6/25/2020,9243.227464,9177701112
6/26/2020,9157.315982,9178252391
6/27/2020,9010.974017,9180549389
6/28/2020,9125.82128,9181284429
6/29/2020,9184.322246,9181192549
6/30/2020,9137.684313,9193504458
7/1/2020,9237.417191,9198465973
7/2/2020,9096.294127,9193504458
7/3/2020,9067.735589,9193320698
7/4/2020,9139.612992,9191299340
7/5/2020,9084.844657,9194423257
7/6/2020,9343.830977,9192401899
7/7/2020,9259.554721,9186154064
7/8/2020,9441.170316,9193136938
7/9/2020,9241.481937,9191574979
7/10/2020,9291.314317,9196904015
7/11/2020,9241.883082,9194698897
7/12/2020,9306.707895,9191666859
7/13/2020,9241.749928,9187991663
7/14/2020,9258.01551,9188634822
7/15/2020,9192.97655,9183397667
7/16/2020,9131.523213,9187532263
7/17/2020,9158.588154,9188818582
7/18/2020,9180.729166,9189921141
7/19/2020,9216.793322,9192310019
7/20/2020,9168.801675,9186337824
7/21/2020,9398.962592,9196444615
7/22/2020,9538.07028,10009619696
7/23/2020,9617.834131,10013019091
7/24/2020,9556.380007,10014218878
7/25/2020,9714.300334,10015118718
7/26/2020,9937.80645,10015618629
7/27/2020,11033.87331,10018218167
7/28/2020,10933.42421,10019717900
7/29/2020,11116.44548,10003420798
7/30/2020,11124.93146,10018918042
7/31/2020,11354.89306,10008119963
8/1/2020,11817.35533,10007820016
8/2/2020,11065.84515,10001121207
8/3/2020,11240.3865,10013718967
8/4/2020,11199.48269,9998321705
8/5/2020,11755.89229,10002221012
8/6/2020,11777.62442,10008219945
8/7/2020,11610.56744,10013219056
8/8/2020,11771.40747,10010119607
8/9/2020,11690.1265,10008019980
8/10/2020,11898.29154,10008219945
8/11/2020,11393.41579,9998221723
8/12/2020,11576.10765,10007220123
8/13/2020,11788.10778,10016118540
8/14/2020,11781.47586,10009319749
8/15/2020,11860.34577,10007120141
8/16/2020,11918.81908,10007220123
8/17/2020,12301.72906,10015018736
8/18/2020,11962.67592,10006220301
8/19/2020,11756.98747,10000221368
8/20/2020,11867.94059,10018218167
8/21/2020,11534.80706,9993222612
8/22/2020,11680.36998,10004220656
8/23/2020,11656.5067,10006820194
8/24/2020,11763.59006,10004720567
8/25/2020,11336.93104,10003720745
8/26/2020,11465.00247,10009019803
8/27/2020,11334.13992,10002320994
8/28/2020,11540.2046,10006220301
8/29/2020,11484.87804,10007220123
8/30/2020,11715.70577,10004220656
8/31/2020,11660.99107,13331106432
9/1/2020,11925.52712,13443988704
9/2/2020,11405.96093,13639565688
9/3/2020,10186.21338,13792717890
9/4/2020,10471.33577,13943651259
9/5/2020,10168.05744,14090700333
9/6/2020,10260.50146,14136035955
9/7/2020,10378.98736,14149803087
9/8/2020,10127.72526,14212938963
9/9/2020,10233.85351,14353417900
9/10/2020,10351.91787,14449244234
9/11/2020,10401.32904,14589815640
9/12/2020,10450.02963,14696299717
9/13/2020,10335.94061,14719628173
9/14/2020,10681.59146,14716833400
9/15/2020,10789.14048,14921312626
9/16/2020,10956.58883,14954422793
9/17/2020,10947.9568,15058483865
9/18/2020,10938.26333,15128780836
9/19/2020,11085.08558,15207572525
9/20/2020,10926.41526,15207069862
9/21/2020,10419.1332,15192778357
9/22/2020,10535.95284,15221100208
9/23/2020,10237.34035,15204746688
9/24/2020,10736.40687,15223684499
9/25/2020,10692.40986,15234947773
9/26/2020,10733.25082,15287148846
9/27/2020,10777.32071,15343474747
9/28/2020,10695.09474,15389370889
9/29/2020,10842.61169,15468270107
9/30/2020,10777.22645,15510681322
10/1/2020,10622.58017,15501377993
10/2/2020,10578.37101,15555327763
10/3/2020,10558.6717,15595344863
10/4/2020,10673.52433,15587381119
10/5/2020,10791.67193,15622317154
10/6/2020,10605.5389,15622294444
10/7/2020,10670.94486,15614921980
10/8/2020,10925.75648,15627657999
10/9/2020,11057.17663,15631235708
10/10/2020,11291.96588,15715409655
10/11/2020,11373.67803,15732945650
10/12/2020,11535.02339,15728543638
10/13/2020,11429.05655,15757210446
10/14/2020,11429.83858,15756554325
10/15/2020,11504.91198,15767527067
10/16/2020,11327.92844,15787042979
10/17/2020,11366.89068,15821031502
10/18/2020,11511.91458,15830724062
10/19/2020,11756.9437,15840579636
10/20/2020,11923.35052,15882759635
10/21/2020,12809.13614,15924848922
10/22/2020,12981.51737,15923736118
10/23/2020,12934.00868,16153486446
10/24/2020,13119.56831,16262415434
10/25/2020,13037.34348,16298911264
10/26/2020,13074.14801,16346026180
10/27/2020,13652.78991,16389103955
10/28/2020,13290.00611,16458166579
10/29/2020,13462.70738,16510295284
10/30/2020,13574.97057,16560169978
10/31/2020,13816.19793,16668294548
11/1/2020,13764.45652,16680250222
11/2/2020,13572.41347,16686938521
11/3/2020,14028.46342,16727657775
11/4/2020,14161.92987,16788144191
11/5/2020,15601.4979,16888776503
11/6/2020,15600.20837,17016466823
11/7/2020,14817.46486,17150767510
11/8/2020,15475.04514,17221583689
11/9/2020,15330.53533,17276324715
11/10/2020,15319.95764,17380400184
11/11/2020,15704.97319,17486361327
11/12/2020,16306.57562,17577711561
11/13/2020,16338.52809,17720004844
11/14/2020,16086.64297,17868174797
11/15/2020,15973.53174,17898825151
11/16/2020,16716.06682,17879528960
11/17/2020,17675.05675,17974033038
11/18/2020,17791.1127,18042018073
11/19/2020,17827.12672,18141622341
11/20/2020,18675.97902,18195768413
11/21/2020,18695.30442,18393501284
11/22/2020,18439.86046,18488062894
11/23/2020,18387.09654,18525292452
11/24/2020,19167.9412,18674070519
11/25/2020,18729.50727,18654483312
11/26/2020,17166.15245,18992916475
11/27/2020,17148.5117,18969219406
11/28/2020,17744.13319,19060942666
11/29/2020,18196.61858,19125366113
11/30/2020,19682.59207,19137142072
12/1/2020,18785.02602,19380538658
12/2/2020,19231.24432,19418414395
12/3/2020,19450.36483,19465824896
12/4/2020,18668.67733,19549832470
12/5/2020,19163.76716,19661351513
12/6/2020,19378.47984,19666888321
12/7/2020,19179.48456,19695394556
12/8/2020,18321.43913,19700587356
12/9/2020,18553.27538,19735480774
12/10/2020,18245.80839,19765742766
12/11/2020,18028.83042,19792718394
12/12/2020,18811.23632,19831065675
12/13/2020,19161.36655,19837772508
12/14/2020,19272.11694,19842532907
12/15/2020,19440.19993,19782371835
12/16/2020,21365.16675,19783934934
12/17/2020,22830.77913,19999639067
12/18/2020,23137.28879,20050461788
12/19/2020,23832.52183,20128036360
12/20/2020,23466.45802,20300339262
12/21/2020,22728.71289,20315085825
12/22/2020,23823.4715,20395178971
12/23/2020,23251.15294,20482535328
12/24/2020,23721.425,20527006984
12/25/2020,24694.70646,20667412759
12/26/2020,26438.83364,20687652800
12/27/2020,26197.21838,20728263134
12/28/2020,27033.67047,20785471460
12/29/2020,27370.64391,20835405955
12/30/2020,28888.41668,20898294626
12/31/2020,28957.79399,20964604736
1/1/2021,29370.01564,21124110214
1/2/2021,32089.60162,20675919457
1/3/2021,33016.74024,21299275459
1/4/2021,32030.02335,21780285023
1/5/2021,34032.31639,21820499477
1/6/2021,36859.1897,22163938326
1/7/2021,39453.95909,22812140197
1/8/2021,40601.5676,23494722499
1/9/2021,40150.0446,23745476771
1/10/2021,38101.05109,24224312725
1/11/2021,35470.96059,24283948631
1/12/2021,34049.09996,24215591555
1/13/2021,37387.85937,24240665246
1/14/2021,39139.36022,24242241867
1/15/2021,36800.8262,24255407311
1/16/2021,36013.14236,24280659719
1/17/2021,35802.88551,24322457106
1/18/2021,36610.25768,24352132870
1/19/2021,35966.76021,24374116577
1/20/2021,35492.68368,24771845994
1/21/2021,30824.86782,24821397468
1/22/2021,33013.14025,24748478729
1/23/2021,32111.37493,24798198093
1/24/2021,32271.98493,24842212260
1/25/2021,32265.46093,24916644029
1/26/2021,32516.95684,25003563179
1/27/2021,30425.67817,25252319448
1/28/2021,33424.95104,25468185222
1/29/2021,34290.64566,25363919020
1/30/2021,34310.41745,26375385375
1/31/2021,33145.33445,26457336838
2/1/2021,33534.22353,26627711499
2/2/2021,35503.92283,26769165222
2/3/2021,37691.52852,27062725312
2/4/2021,36998.26965,27463737822
2/5/2021,38322.84015,27814226510
2/6/2021,39283.11317,28271931643
2/7/2021,38885.07992,28658109919
2/8/2021,46444.80089,28717165976
2/9/2021,46534.12774,29795632470
2/10/2021,44864.99968,30327532425
2/11/2021,48010.55418,30748907198
2/12/2021,47434.39576,31222045659
2/13/2021,47245.66886,31654402494
2/14/2021,48693.81195,32050268240
2/15/2021,47947.37402,32106063748
2/16/2021,49170.82056,32253916688
2/17/2021,52138.47839,32443010084
2/18/2021,51615.86981,33151926478
2/19/2021,55927.75045,33561036309
2/20/2021,55995.39971,34156958250
2/21/2021,57498.14096,34301042485
2/22/2021,54168.301,34475339800
2/23/2021,48909.41509,34765615164
2/24/2021,49747.54186,34928796319
2/25/2021,47092.30418,34914763979
2/26/2021,46372.47905,35030484012
2/27/2021,46199.46623,35037057939
2/28/2021,45217.59497,35037595733
3/1/2021,49646.29843,35092643879
3/2/2021,48491.79696,35458164892
3/3/2021,50442.01004,35896466710
3/4/2021,48368.94783,36271154834
3/5/2021,48748.93203,36377993418
3/6/2021,48891.73489,36480679394
3/7/2021,50920.15936,36474143286
3/8/2021,52357.38563,36481468555
3/9/2021,54912.19378,36815121768
3/10/2021,55889.29729,37070835567
3/11/2021,57784.25549,37500114889
3/12/2021,57219.4564,38100476357
3/13/2021,61112.22393,38229044186
3/14/2021,59008.7253,38248162638
3/15/2021,55637.07897,38523276524
3/16/2021,56910.26872,38658863944
3/17/2021,58922.82267,38699980928
3/18/2021,57664.29543,38866596059
3/19/2021,58154.5369,39207268879
3/20/2021,58162.27041,39444955289
3/21/2021,57404.20353,39547496018
3/22/2021,54159.62781,39590667437
3/23/2021,54379.94721,39662505542
3/24/2021,52338.41215,39844484911
3/25/2021,51359.01349,40300998572
3/26/2021,55074.70124,40258494052
3/27/2021,55857.41896,40188250610
3/28/2021,55785.96791,40483226840
3/29/2021,57587.80513,40469368504
3/30/2021,58767.92096,40655235982
3/31/2021,58779.00639,40733756392
4/1/2021,58726.78363,40720317746
4/2/2021,58993.79933,41693840228
4/3/2021,57153.89148,42321599581
4/4/2021,58227.90451,42366954008
4/5/2021,59089.85321,42383567028
4/6/2021,58037.52156,43007949151
4/7/2021,55953.36013,43046195342
4/8/2021,58076.61702,43635434265
4/9/2021,58122.07398,43784601547
4/10/2021,59750.10148,44376866185
4/11/2021,59921.92777,44407152452
4/12/2021,59831.08816,44427697460
4/13/2021,63570.01821,45388975806
4/14/2021,62977.73271,45863545319
4/15/2021,63248.53027,46559218004
4/16/2021,61419.50643,46940313170
4/17/2021,60055.66761,47864501329
4/18/2021,56248.94452,48215570071
4/19/2021,55680.60724,48223521188
4/20/2021,56510.09522,48742094861
4/21/2021,53805.98733,49099075983
4/22/2021,51737.79507,49340163283
4/23/2021,51174.77228,49348894641
4/24/2021,50126.62532,49495515069
4/25/2021,49098.20386,50033207185
4/26/2021,54067.87878,50058260943
4/27/2021,55070.50664,50378298227
4/28/2021,54884.51992,50966984333
4/29/2021,53585.25236,51052252672
4/30/2021,57767.3087,51078175165
5/1/2021,57842.12014,51495957069
5/2/2021,56617.19766,51831182741
5/3/2021,57193.7446,52090468004
5/4/2021,53249.17189,52184883672
5/5/2021,57501.96288,52897377538
5/6/2021,56441.54638,53583359763
5/7/2021,57372.44945,54687184757
5/8/2021,58952.54666,54765387432
5/9/2021,58293.33559,54740231327
5/10/2021,55882.73077,54744059429
5/11/2021,56746.42381,56606658287
5/12/2021,49296.4843,57235613443
5/13/2021,49707.56062,57733368379
5/14/2021,49890.59265,57808451040
5/15/2021,46699.93723,58218569732
5/16/2021,46465.33367,58323792551
5/17/2021,43552.08881,58208039292
5/18/2021,42905.22582,58215601951
5/19/2021,36782.95623,58472643332
5/20/2021,40629.61032,58161658316
5/21/2021,37357.47671,58633593478
5/22/2021,37494.09781,59490441808
5/23/2021,34703.41506,59588920805
5/24/2021,38791.71502,59831432203
5/25/2021,38370.0954,60134881364
5/26/2021,39292.43636,60805845277
5/27/2021,38484.91029,60998351187
5/28/2021,35693.72346,61177864383
5/29/2021,34608.95025,61359442447
5/30/2021,35663.72417,61784197996
5/31/2021,37304.14469,61821023508
6/1/2021,36679.51427,61798781508
6/2/2021,37577.88237,61765252771
6/3/2021,39217.32763,61693757449
6/4/2021,36869.90812,61987807889
6/5/2021,35539.77813,62232894902
6/6/2021,35797.18286,62268664037
6/7/2021,33587.05146,62265551725
6/8/2021,33406.17199,62317723599
6/9/2021,37368.15237,62413278070
6/10/2021,36669.88663,62618101511
6/11/2021,37329.47142,62590886393
6/12/2021,35515.8296,62647408154
6/13/2021,39034.43168,62611730884
6/14/2021,40527.08906,62612356801
6/15/2021,40167.93395,62603888647
6/16/2021,38342.84379,62574068371
6/17/2021,38076.45592,62540838090
6/18/2021,35780.28252,62552977055
6/19/2021,35517.4355,62581341153
6/20/2021,35594.62404,62560690963
6/21/2021,31705.93686,62622566660
6/22/2021,32521.3813,62511267533
6/23/2021,33681.70596,62699736754
6/24/2021,34652.86042,62639085805
6/25/2021,31596.07394,62544568810
6/26/2021,32285.96996,62512646472
6/27/2021,34699.9921,62534530275
6/28/2021,34485.24494,62546023998
6/29/2021,35871.48523,62433292368
6/30/2021,35041.6905,62481646693
7/1/2021,33539.0228,62380094134
7/2/2021,33818.00567,62391339966
7/3/2021,34684.59388,62388845011
7/4/2021,35295.83426,62368261632
7/5/2021,33706.58853,62384478839
7/6/2021,34236.43705,62321989965
7/7/2021,33881.08718,62345674690
7/8/2021,32883.20015,62296215598
7/9/2021,33795.80173,62207444831
7/10/2021,33514.51823,62209411039
7/11/2021,34240.7545,62215375630
7/12/2021,33098.07756,62185517027
7/13/2021,32725.00418,62159926739
7/14/2021,32819.19064,62079214220
7/15/2021,31852.62381,62040114071
7/16/2021,31404.8598,62013666963
7/17/2021,31531.82697,61985488380
7/18/2021,31796.86108,61987347908
7/19/2021,30837.07183,61993546333
7/20/2021,29797.66493,61966020003
7/21/2021,32134.30979,61931782009
7/22/2021,32296.0269,61897032357
7/23/2021,33620.56524,61840001317
7/24/2021,34292.82436,61849890970
7/25/2021,35416.80676,61852363383
7/26/2021,37287.24544,61994786018
7/27/2021,39498.52314,61997885230
7/28/2021,40022.02708,61800533635
7/29/2021,40029.53773,61992926490
7/30/2021,42204.34661,61829586893
7/31/2021,41403.35495,62013381292
8/1/2021,39886.01459,61873527060
8/2/2021,39167.50011,61953536731
8/3/2021,38161.25717,61978342971
8/4/2021,39730.01472,61987721069
8/5/2021,40887.72991,62018721130
8/6/2021,42826.61343,62001013281
8/7/2021,44635.65112,62152056211
8/8/2021,43824.15321,62020819402
8/9/2021,46301.15794,62008422552
8/10/2021,45607.2049,61999744758
8/11/2021,45569.82618,62014620977
8/12/2021,44421.46373,62969282577
8/13/2021,47839.53249,62972800796
8/14/2021,47106.30326,63303656191
8/15/2021,47026.94358,63403746191
8/16/2021,45935.38435,63656917608
8/17/2021,44687.54783,64032003382
8/18/2021,44728.61093,64070826612
8/19/2021,46762.50425,64180684741
8/20/2021,49342.13243,64235727206
8/21/2021,48891.42186,64675304256
8/22/2021,49284.69001,64675304256
8/23/2021,49530.47247,64847578717
8/24/2021,47714.42203,65020485566
8/25/2021,48998.51954,65468634758
8/26/2021,46844.42132,65525391419
8/27/2021,49077.87687,65542809828
8/28/2021,48914.98319,62019579717
8/29/2021,48801.76522,65521565124
8/30/2021,46996.24914,61994786018
8/31/2021,47142.3101,65502363557
9/1/2021,48853.20886,62016480505
9/2/2021,49283.95153,65790843081
9/3/2021,50020.37875,62003463813
9/4/2021,49935.28635,62015240820
9/5/2021,51783.17298,62030736882
9/6/2021,52688.29457,62012761450
9/7/2021,46820.70213,67574473161
9/8/2021,46075.41702,68625377886
9/9/2021,46385.66188,61986728065
9/10/2021,44848.53218,68343461570
9/11/2021,45162.76423,68298127703
9/12/2021,46057.22501,68325580800
9/13/2021,44957.92962,68279728708
9/14/2021,47098.91699,68299241703
9/15/2021,48147.94891,62025158300
9/16/2021,47771.64929,68285170986
9/17/2021,47288.45087,62009042395
9/18/2021,48318.50141,68288886036
9/19/2021,47245.92058,68305481463
9/20/2021,42987.24386,68276798610
9/21/2021,40665.01134,68732694261
9/22/2021,43575.35831,68695013610
9/23/2021,44893.32711,68637835914
9/24/2021,42854.91207,68659926707
9/25/2021,42707.53305,68585492482
9/26/2021,43191.40314,68575211033
9/27/2021,42183.70648,68573154743
9/28/2021,41046.20853,68543095825
9/29/2021,41542.32954,68448398755
9/30/2021,43817.11402,68467569675
10/1/2021,48161.55528,68077808690
10/2/2021,47669.70327,62008422552
10/3/2021,48228.69299,62013381292
10/4/2021,49245.79878,61996025703
10/5/2021,51516.55429,68078488930
10/6/2021,55344.05721,61999744758
10/7/2021,53792.88165,68071287303
10/8/2021,53939.15669,61987347908
10/9/2021,54957.39444,61992306648
10/10/2021,54700.7611,68427143572
10/11/2021,57503.39959,61992306648
10/12/2021,55959.80621,68700824976
10/13/2021,57379.9188,68781133436
10/14/2021,57356.55551,68823149739
10/15/2021,61683.9145,68593871299
10/16/2021,60869.94141,68761757665
10/17/2021,61523.40012,69042283300
10/18/2021,62053.89098,69036070054
10/19/2021,64262.45173,69060370692
10/20/2021,66012.36016,69062441985
10/21/2021,62209.49737,69331321586
10/22/2021,60693.58307,69606148603
10/23/2021,61319.72433,69571326950
10/24/2021,60868.92213,69587328995
10/25/2021,63080.68073,69568543985
10/26/2021,60316.60977,69677542636
10/27/2021,58480.22712,69820497931
10/28/2021,60595.56036,70084123936
10/29/2021,62269.66772,70070109914
10/30/2021,61875.50969,70354566766
10/31/2021,61351.32189,70312804994
11/1/2021,60941.22209,70269846603
11/2/2021,63249.21905,70610662861
11/3/2021,62934.81054,71071337235
11/4/2021,61446.64514,71468528253
11/5/2021,61017.75623,71843925710
11/6/2021,61529.80887,71896853064
11/7/2021,63303.29411,72599135703
11/8/2021,67547.55771,72597684997
11/9/2021,66934.80254,73261175993
11/10/2021,64958.38799,73869584869
11/11/2021,64824.62168,73870878888
11/12/2021,64147.55423,73880566807
11/13/2021,64407.51246,73873180818
11/14/2021,65495.30746,73894600185
11/15/2021,63606.53779,73873011176
11/16/2021,60109.11282,73785785006
11/17/2021,60376.2009,73798324452
11/18/2021,56957.7724,73802012524
11/19/2021,58129.06734,73053507808
11/20/2021,59752.87271,73818240042
11/21/2021,58739.86001,73829304258
11/22/2021,56320.2899,73820452885
11/23/2021,57580.60675,73767344646
11/24/2021,57197.18907,72515117499
11/25/2021,58964.04844,72576887218
11/26/2021,53706.25091,72595750229
11/27/2021,54800.73768,73164385235
11/28/2021,57321.25142,73164385235
11/29/2021,57834.8667,73186321609
11/30/2021,56955.17799,73368232741
12/1/2021,57238.25214,73623941267
12/2/2021,56528.75026,74124640705
12/3/2021,53690.93109,74131313337
12/4/2021,49314.93823,74242193859
12/5/2021,49460.66362,75213004688
12/6/2021,50590.28751,75608993173
12/7/2021,50634.48822,76093359010
12/8/2021,50511.73781,76285297142
12/9/2021,47595.8491,76359887708
12/10/2021,47176.79885,76166965966
,,
